timestamp,building,AQI,Temperature,Humidity,SO2,NOx,CO,Methane,Ammonia,CO2,Hydrogen,Benzene,LPG,Butane,Natural_Gas
2026-01-01 09:44:22,SOS,334,28.1,77,0.71,25.8,37.6,1304.8,43.8,852,22.5,1.36,54.9,158.2,458.6
2026-01-01 09:44:25,SOS,500,21.1,36,0.12,81.7,19.2,1430.8,26.3,1775,135.6,4.83,276.6,430.2,505.0
2026-01-01 09:44:28,SOS,500,22.8,66,0.27,38.4,29.4,1445.7,11.8,1840,86.0,2.96,324.7,79.9,458.9
2026-01-01 09:44:31,SOS,484,30.6,49,0.22,34.5,36.6,1424.5,3.5,1427,134.3,1.27,261.9,272.0,133.6
2026-01-01 09:44:34,SOS,472,24.5,78,0.98,91.1,28.9,1387.8,46.6,1069,178.2,3.65,183.6,104.8,509.9
2026-01-01 09:44:37,SOS,500,23.7,37,0.55,99.6,9.2,1551.1,39.5,1757,65.5,4.89,288.1,270.6,104.5
2026-01-01 09:44:40,SOS,500,32.7,89,0.61,74.4,17.2,1749.2,28.5,1428,170.4,3.25,122.5,194.2,280.4
2026-01-01 09:44:43,SOS,262,28.1,86,0.08,77.0,4.7,1353.4,9.4,546,183.4,1.51,113.2,127.4,287.1
2026-01-01 09:44:46,SOS,316,38.1,65,0.75,12.6,14.3,1868.1,11.8,1044,100.3,0.31,443.4,483.8,724.5
2026-01-01 09:44:49,SOS,461,38.9,87,0.53,21.6,17.3,1721.4,36.1,1555,198.4,4.72,73.7,376.9,807.1
2026-01-01 09:44:53,SOS,500,21.7,33,0.46,58.7,45.9,758.3,25.7,1430,13.5,2.29,361.8,118.0,634.8
2026-01-01 09:44:56,SOS,331,26.9,45,0.05,55.3,4.4,1565.2,48.2,954,72.0,0.52,247.1,157.2,664.0
2026-01-01 09:44:59,SOS,351,37.9,41,0.6,92.6,45.9,667.4,39.4,457,162.9,4.83,405.7,395.7,529.4
2026-01-01 09:45:02,SOS,301,33.5,37,0.91,53.2,49.2,436.2,37.7,456,122.3,2.5,257.3,228.3,326.6
2026-01-01 09:45:05,SOS,279,30.6,38,0.95,65.2,1.3,1838.4,42.5,675,126.6,4.96,103.4,210.5,399.6
2026-01-01 09:45:08,SOS,258,18.6,73,0.43,18.2,46.4,1789.7,39.4,533,137.9,1.12,200.7,165.3,807.3
2026-01-01 09:45:11,SOS,500,31.8,36,0.41,74.9,2.6,1160.5,13.3,1557,141.1,4.43,235.9,227.2,656.9
2026-01-01 09:45:14,SOS,452,32.0,56,0.64,69.8,33.6,950.1,14.2,1096,135.4,0.56,381.6,430.4,549.7
2026-01-01 09:45:17,SOS,211,28.2,70,0.77,16.1,9.9,754.8,26.7,636,190.9,3.53,172.9,284.5,305.2
2026-01-01 09:45:20,SOS,338,34.6,58,0.91,63.1,38.3,1976.2,15.2,630,89.8,2.81,412.5,133.1,199.2
2026-01-01 09:45:23,SOS,500,29.8,66,0.69,96.9,44.7,1116.3,48.5,1160,25.0,1.9,371.8,78.0,464.8
2026-01-01 09:45:26,SOS,268,32.2,68,0.47,48.2,17.0,396.0,16.4,628,141.3,4.99,235.1,179.4,260.2
2026-01-01 09:51:45,SOS,225,38.7,75,0.12,52.6,15.9,839.2,37.8,453,140.0,3.86,255.2,142.4,308.6
2026-01-01 09:51:48,SOS,500,29.4,90,0.08,87.4,29.7,827.7,26.6,1266,131.4,3.22,187.0,164.0,511.2
2026-01-01 09:51:51,SOS,358,23.5,34,0.5,17.3,19.9,719.5,49.2,1147,85.5,1.45,307.7,52.1,888.9
2026-01-01 09:51:54,SOS,316,23.6,45,0.94,91.7,9.2,1542.8,17.9,604,183.2,3.43,282.6,310.9,360.6
2026-01-01 09:51:58,SOS,459,28.5,48,0.9,45.7,26.7,1621.2,14.7,1313,38.6,4.78,258.6,162.3,834.7
2026-01-01 09:52:01,SOS,328,20.0,58,0.93,41.8,47.3,1600.0,27.6,647,17.6,2.65,406.4,397.3,584.9
2026-01-01 09:52:04,SOS,294,26.1,84,0.35,56.1,29.7,1441.2,42.0,588,131.7,3.01,381.3,197.0,343.8
2026-01-01 09:52:07,SOS,423,28.2,83,0.5,30.5,40.5,409.7,49.7,1164,147.1,4.59,178.4,232.9,888.2
2026-01-01 09:52:10,SOS,500,25.3,67,0.5,27.2,33.9,305.7,44.4,1646,154.7,0.38,322.2,64.6,183.8
2026-01-01 09:52:13,SOS,482,39.6,72,0.5,16.7,38.0,1976.2,47.9,1502,178.9,0.86,214.1,407.9,752.6
2026-01-01 09:52:16,SOS,408,23.9,65,0.8,41.5,39.7,755.7,4.6,1033,32.5,4.91,236.3,213.7,426.2
2026-01-01 09:52:19,SOS,500,21.2,89,0.1,64.8,36.1,972.7,46.9,1405,195.9,0.82,125.6,143.2,381.5
2026-01-01 09:52:22,SOS,432,34.7,64,0.66,48.5,12.7,1311.3,16.2,1309,74.8,0.89,66.3,404.2,896.9
2026-01-01 09:52:25,SOS,500,22.0,75,0.84,38.4,26.8,1466.3,28.1,1589,143.4,0.53,85.0,65.1,374.9
2026-01-01 09:52:28,SOS,482,20.4,74,0.47,32.4,29.1,1372.8,27.1,1483,10.3,4.64,459.1,477.4,392.2
2026-01-01 09:52:31,SOS,500,21.4,57,0.28,99.0,46.1,834.3,13.3,1216,82.2,1.49,333.2,301.2,519.3
2026-01-01 09:52:34,SOS,500,24.6,69,0.37,56.6,45.6,1341.5,7.0,1542,99.0,2.13,206.7,237.1,253.9
2026-01-01 09:52:37,SOS,312,22.3,67,0.23,30.1,41.0,1143.7,27.9,731,65.2,4.16,216.0,369.7,470.8
2026-01-01 09:52:40,SOS,408,19.3,82,0.19,54.7,27.1,1534.7,22.9,1081,51.0,4.01,306.5,272.2,156.8
2026-01-01 09:52:43,SOS,500,32.9,34,0.7,81.9,27.4,1899.6,38.0,1616,152.6,2.43,252.0,211.7,447.4
2026-01-01 09:52:46,SOS,500,33.9,74,0.62,46.0,15.0,1676.0,42.2,1807,126.5,2.1,200.9,182.8,806.9
2026-01-01 09:52:49,SOS,328,24.0,62,0.64,49.6,33.9,656.8,47.6,716,186.0,1.16,476.1,184.1,535.7
2026-01-01 09:52:52,SOS,500,36.1,32,0.74,70.7,29.9,1779.5,44.8,1455,63.7,0.27,105.1,397.5,104.4
2026-01-01 09:52:55,SOS,301,34.4,37,0.88,36.8,42.6,1694.4,47.0,607,36.4,4.85,444.8,97.1,555.4
2026-01-01 09:52:58,SOS,497,34.9,90,0.35,92.3,23.1,1642.5,46.6,1236,64.8,3.65,323.2,299.1,710.0
2026-01-01 09:53:01,SOS,229,23.3,89,0.8,18.8,26.8,375.9,13.6,556,59.3,3.14,371.6,257.2,281.6
2026-01-01 09:53:04,SOS,460,35.4,51,0.76,99.1,19.2,532.2,4.4,1061,128.2,2.68,462.5,136.2,120.9
2026-01-01 09:53:07,SOS,450,37.3,68,0.07,99.8,47.7,1733.0,13.7,816,75.0,2.77,280.7,393.2,411.0
2026-01-01 09:53:11,SOS,500,30.9,51,0.45,70.1,21.9,1828.5,14.1,1562,189.8,1.71,243.0,329.8,197.9
2026-01-01 09:53:14,SOS,434,18.5,58,0.98,90.9,16.0,1749.5,35.8,1024,167.7,1.76,251.0,417.6,720.6
2026-01-01 09:53:17,SOS,326,30.1,87,0.7,94.9,25.2,996.4,12.5,504,71.9,4.49,289.1,490.8,175.5
2026-01-01 09:53:20,SOS,500,23.2,72,0.29,19.1,46.2,1203.7,9.3,1855,105.9,3.84,137.1,149.9,591.8
2026-01-01 09:53:23,SOS,262,22.1,62,0.91,38.3,5.0,1912.1,16.7,740,113.6,0.95,498.1,262.4,222.8
2026-01-01 09:53:26,SOS,500,27.0,83,0.14,95.1,10.7,843.4,30.0,1908,23.9,2.25,178.4,364.0,126.0
2026-01-01 09:53:29,SOS,149,38.3,38,0.41,11.6,10.1,515.1,46.7,431,20.8,3.22,256.1,312.9,653.7
2026-01-01 09:53:32,SOS,447,39.1,40,1.0,19.7,23.8,953.0,10.1,1439,124.8,2.65,429.0,347.7,976.7
2026-01-01 09:53:35,SOS,430,20.8,39,0.21,57.3,47.6,1935.8,38.6,989,35.3,1.55,179.5,491.9,993.4
2026-01-01 09:53:38,SOS,500,37.2,57,0.69,81.9,36.6,402.5,36.9,1301,169.2,4.95,399.3,196.5,221.3
2026-01-01 09:53:41,SOS,500,39.6,42,0.11,33.1,29.8,1112.0,37.8,1657,170.9,0.37,432.9,410.2,503.7
2026-01-01 09:53:44,SOS,302,23.5,67,0.54,43.8,18.6,1254.0,46.0,773,55.3,0.2,234.1,274.2,738.3
2026-01-01 09:53:47,SOS,484,35.7,77,0.66,51.8,16.4,788.6,9.2,1468,157.9,1.99,54.0,55.8,979.9
2026-01-01 09:53:50,SOS,336,30.3,80,0.81,47.8,5.0,1559.2,27.2,986,158.4,1.04,262.4,448.5,417.5
2026-01-01 09:53:53,SOS,500,34.8,81,0.5,53.4,45.2,1032.7,37.8,1926,161.5,2.44,261.4,287.3,779.4
2026-01-01 09:53:56,SOS,389,38.5,38,0.49,21.9,10.8,398.8,20.7,1317,35.4,4.1,221.3,266.9,348.9
2026-01-01 09:53:59,SOS,316,32.2,48,0.37,53.4,44.2,891.7,11.8,576,124.4,3.01,92.4,81.4,992.6
2026-01-01 09:54:02,SOS,280,31.9,80,0.22,59.6,36.7,1571.6,29.5,462,121.6,3.02,154.8,465.6,813.0
2026-01-01 09:54:05,SOS,482,37.0,44,0.66,55.8,29.2,1460.4,20.8,1335,123.4,1.62,197.4,470.0,347.9
2026-01-01 09:54:08,SOS,478,29.2,78,0.87,54.4,21.0,1491.6,47.8,1383,184.8,4.67,156.8,315.9,648.2
2026-01-01 09:54:11,SOS,386,28.8,76,0.35,76.9,32.6,1385.4,19.8,809,93.3,3.68,245.2,209.6,549.7
2026-01-01 09:54:15,SOS,294,36.9,45,0.81,55.9,43.2,1538.9,44.7,462,30.7,4.62,76.7,430.0,424.8
2026-01-01 09:54:18,SOS,500,26.8,59,0.35,77.4,28.5,554.4,25.1,1838,30.8,2.74,259.3,77.5,163.6
2026-01-01 09:54:21,SOS,278,26.6,84,0.5,25.7,3.0,1646.0,19.8,914,10.1,1.21,219.8,106.2,296.1
2026-01-01 09:57:11,SOS,290,38.9,50,0.8,84.4,11.9,428.9,12.1,527,54.0,2.34,67.3,430.8,400.1
2026-01-01 09:57:14,SOS,424,35.0,47,0.67,38.5,39.4,410.8,47.5,1123,153.8,1.7,263.7,101.9,299.0
2026-01-01 09:57:17,SOS,305,29.7,76,0.08,62.5,42.0,390.6,34.9,504,142.1,3.62,286.2,307.4,142.2
2026-01-01 09:57:20,SOS,398,31.6,48,0.31,68.1,27.1,1608.9,3.6,954,16.9,1.04,380.8,339.5,861.2
2026-01-01 09:57:23,SOS,262,36.3,31,0.21,14.9,16.7,1786.2,47.1,817,53.7,4.44,379.5,179.2,151.1
2026-01-01 09:57:27,SOS,273,31.8,85,0.95,37.9,8.4,1881.9,45.9,760,155.5,0.32,131.6,193.0,701.9
2026-01-01 09:57:30,SOS,484,29.5,59,0.09,29.3,23.5,408.5,34.8,1568,187.1,4.98,166.2,488.9,291.6
2026-01-01 09:57:33,SOS,279,38.3,34,0.56,64.7,19.4,857.6,4.1,552,125.7,3.93,243.7,77.5,994.8
2026-01-01 09:57:36,SOS,451,18.2,32,0.27,32.4,28.1,1799.2,46.6,1376,33.6,4.24,412.6,69.6,279.0
2026-01-01 09:57:39,SOS,500,38.6,80,0.46,78.4,49.2,1478.4,8.0,1616,101.1,4.66,466.5,141.0,625.5
2026-01-01 09:57:42,SOS,242,36.9,48,0.68,45.5,21.5,922.1,36.7,494,77.6,4.9,473.5,323.8,273.3
2026-01-01 09:57:45,SOS,262,27.7,52,0.41,33.6,7.4,1738.5,9.2,771,109.7,3.43,235.6,471.9,284.1
2026-01-01 09:57:48,SOS,326,39.5,44,0.27,83.1,38.7,1781.6,10.7,486,24.0,4.02,427.9,147.4,815.9
2026-01-01 09:57:51,SOS,443,22.1,76,0.34,83.5,46.2,1985.5,16.2,888,109.4,2.51,309.9,62.9,427.2
2026-01-01 09:57:54,SOS,336,20.6,63,0.43,77.7,22.1,1748.5,28.6,685,42.4,1.71,469.7,188.0,300.4
2026-01-01 09:57:57,SOS,500,26.4,50,0.38,98.3,49.0,1384.9,10.3,1580,167.0,3.6,227.1,396.1,437.3
2026-01-01 09:58:00,SOS,500,35.3,35,0.83,56.6,5.8,1156.6,30.6,1893,63.9,4.97,468.2,442.2,511.5
2026-01-01 09:58:03,SOS,386,32.6,64,0.06,18.6,44.7,769.6,11.7,1071,24.2,3.92,485.6,440.8,977.5
2026-01-01 09:58:06,SOS,319,28.4,46,0.34,70.5,47.5,1525.2,7.9,460,76.6,3.97,95.4,82.2,954.5
2026-01-01 09:58:09,SOS,500,36.3,83,0.08,39.7,22.5,1177.2,23.8,1703,16.4,2.73,359.9,365.7,450.3
2026-01-01 09:58:12,SOS,495,26.7,73,1.0,84.5,15.9,402.3,2.9,1304,177.9,0.65,359.2,225.8,143.1
2026-01-01 09:58:15,SOS,500,34.8,64,0.13,96.3,11.4,1352.2,42.4,1758,125.3,2.2,266.5,430.3,489.3
2026-01-01 09:58:19,SOS,291,32.8,72,0.93,82.9,1.9,649.5,18.4,615,93.4,3.45,206.7,450.4,875.0
2026-01-01 09:58:22,SOS,377,21.1,48,0.16,81.4,5.6,518.7,40.2,967,140.4,2.26,54.6,220.5,768.8
2026-01-01 09:58:25,SOS,368,36.4,69,0.27,46.4,18.6,1660.5,23.2,1035,136.7,0.56,157.6,223.3,375.6
2026-01-01 09:58:28,SOS,434,26.2,78,0.31,73.0,10.2,1987.7,4.8,1202,177.0,3.87,166.4,71.1,120.2
2026-01-01 09:58:31,SOS,500,28.9,89,0.17,98.6,46.9,742.3,19.1,1461,57.3,3.62,383.3,479.6,473.3
2026-01-01 09:58:34,SOS,231,34.4,63,0.1,50.7,23.7,927.8,28.4,427,78.6,4.29,381.8,54.9,805.3
2026-01-01 09:58:37,SOS,491,21.2,56,0.81,31.0,6.4,479.0,37.5,1693,110.6,3.17,352.9,496.8,911.9
2026-01-01 09:58:40,SOS,500,26.6,84,0.28,98.4,23.9,1813.2,49.5,1640,139.1,2.74,103.7,157.8,653.7
2026-01-01 09:58:43,SOS,500,25.1,87,0.67,44.5,41.2,1417.1,31.6,1718,156.4,4.46,349.2,390.8,465.7
2026-01-01 09:58:46,SOS,488,21.7,42,0.34,29.3,31.6,970.6,37.7,1510,164.1,0.48,301.7,302.2,257.2
2026-01-01 09:58:49,SOS,233,20.7,52,0.12,60.7,5.2,1219.2,25.6,523,87.0,2.97,345.1,303.7,114.2
2026-01-01 09:58:52,SOS,370,23.2,33,0.98,60.4,27.7,1287.2,43.6,857,135.7,3.02,351.8,243.4,819.9
2026-01-01 09:58:55,SOS,361,40.0,76,0.59,21.5,24.9,1800.4,18.5,1092,87.7,1.37,199.0,387.2,540.4
2026-01-01 09:58:58,SOS,500,38.7,79,0.58,70.4,44.7,1462.6,37.9,1579,80.2,1.03,141.4,127.1,729.7
2026-01-01 09:59:01,SOS,234,26.0,55,0.88,43.5,10.5,329.8,47.9,556,163.1,1.13,244.6,110.4,173.5
2026-01-01 09:59:04,SOS,418,39.3,40,0.11,67.4,20.1,1801.5,43.9,1102,20.3,4.05,96.1,368.6,126.1
2026-01-01 09:59:07,SOS,363,34.9,73,0.95,69.7,40.0,736.4,11.4,675,35.2,0.21,115.4,53.3,294.2
2026-01-01 09:59:10,SOS,500,35.3,73,0.08,42.4,38.9,1160.1,18.1,1965,40.9,4.7,80.7,119.5,744.3
2026-01-01 09:59:13,SOS,298,29.8,51,0.36,23.7,21.1,1957.5,1.6,866,62.3,3.47,92.7,260.3,703.7
2026-01-01 09:59:16,SOS,378,39.9,73,0.7,36.4,25.7,1732.1,40.1,1059,80.0,3.54,441.6,291.9,472.3
2026-01-01 09:59:19,SOS,500,39.8,65,0.98,36.2,17.0,1799.1,35.0,1869,31.1,4.27,83.1,281.6,555.1
2026-01-01 09:59:22,SOS,392,22.9,86,0.23,94.8,3.8,893.2,21.0,961,54.7,1.47,374.7,438.2,272.9
2026-01-01 09:59:25,SOS,500,25.5,40,0.42,29.8,33.2,1228.7,15.0,1577,66.1,1.56,294.3,81.5,922.1
2026-01-01 09:59:28,SOS,301,33.6,44,0.31,13.3,39.3,369.7,24.9,796,16.3,2.42,276.4,62.6,513.2
2026-01-01 09:59:31,SOS,274,29.3,45,0.73,18.1,22.4,869.9,8.1,780,184.6,2.63,168.1,440.9,561.7
2026-01-01 09:59:34,SOS,500,32.2,69,0.15,29.5,43.7,1717.0,46.5,1683,199.1,2.88,402.7,454.7,109.8
2026-01-01 09:59:38,SOS,478,37.6,79,0.57,16.8,39.8,603.6,33.3,1472,62.6,0.34,456.9,336.4,965.2
2026-01-01 09:59:41,SOS,228,18.8,54,0.13,42.7,25.0,1329.1,49.2,449,46.3,4.05,109.9,441.1,372.1
2026-01-01 09:59:44,SOS,223,34.7,84,0.99,43.7,8.8,820.3,33.3,519,154.1,3.44,490.3,359.1,202.1
2026-01-01 09:59:47,SOS,394,35.9,86,0.72,63.4,28.5,619.8,36.9,939,156.0,1.4,292.1,111.8,948.9
2026-01-01 09:59:50,SOS,500,34.1,66,0.69,99.4,41.6,1393.3,24.1,1346,185.3,1.4,228.8,66.0,664.3
2026-01-01 09:59:53,SOS,500,23.2,68,0.97,87.1,2.6,1674.4,10.0,1774,138.4,2.62,349.4,274.1,845.7
2026-01-01 09:59:56,SOS,328,23.9,64,0.41,61.4,27.3,349.2,13.9,708,31.1,1.31,175.5,80.2,550.5
2026-01-01 09:59:59,SOS,500,22.8,66,0.52,56.6,39.0,1949.9,37.5,1718,156.8,1.23,396.5,228.4,322.1
2026-01-01 10:00:02,SOS,500,37.0,42,0.11,69.7,46.8,1275.8,45.6,1741,78.8,2.26,151.5,367.8,303.3
2026-01-01 10:00:05,SOS,485,27.5,85,0.41,16.3,14.4,1492.1,14.0,1710,95.4,0.49,279.3,433.2,395.5
2026-01-01 10:00:08,SOS,395,30.6,42,0.4,25.2,9.2,869.1,23.1,1341,35.6,4.62,262.1,108.9,507.1
2026-01-01 10:00:11,SOS,390,25.5,52,0.66,33.7,8.1,477.7,31.0,1266,98.3,0.34,179.2,157.8,569.7
2026-01-01 10:00:14,SOS,305,34.0,46,0.48,78.8,13.0,1203.9,31.9,623,108.7,0.21,289.4,69.0,115.1
2026-01-01 10:00:17,SOS,466,19.9,36,0.53,49.7,44.3,967.6,10.4,1190,183.3,4.76,415.3,361.4,649.9
2026-01-01 10:00:20,SOS,398,20.8,33,0.61,88.8,18.2,758.6,14.0,889,122.8,3.7,139.4,223.2,195.0
2026-01-01 10:00:23,SOS,340,26.3,69,0.37,28.7,43.0,922.1,29.8,828,135.9,3.69,368.3,168.8,679.2
2026-01-01 10:00:26,SOS,185,18.8,55,0.95,21.1,10.2,347.3,8.0,493,64.8,3.01,154.7,153.2,188.6
2026-01-01 10:00:29,SOS,263,26.0,89,0.24,32.4,46.1,1662.5,11.2,479,18.8,4.04,129.2,266.4,251.4
2026-01-01 10:00:32,SOS,500,19.1,84,0.52,74.0,33.8,926.4,35.0,1750,108.3,3.73,291.4,108.2,289.3
2026-01-01 10:00:35,SOS,500,19.2,53,0.29,89.3,42.3,934.6,3.0,1363,105.7,0.62,490.6,394.5,219.3
2026-01-01 10:00:38,SOS,271,26.4,39,0.24,92.3,14.2,577.8,3.1,408,47.5,3.9,59.9,358.6,995.0
2026-01-01 10:00:41,SOS,330,31.1,60,0.59,47.5,40.3,588.6,39.7,688,40.3,4.92,297.9,470.7,184.0
2026-01-01 10:00:44,SOS,500,35.8,33,0.81,89.6,25.4,1214.1,39.4,1450,112.0,1.43,438.9,431.6,312.2
2026-01-01 10:00:47,SOS,468,32.0,33,0.46,52.8,6.1,1600.1,16.0,1489,25.5,0.41,334.4,429.3,792.3
2026-01-01 10:00:50,SOS,500,37.8,53,0.25,62.4,46.4,1631.5,46.9,1621,97.0,2.41,173.3,114.8,655.8
2026-01-01 10:00:53,SOS,252,39.5,67,0.75,50.1,13.4,683.5,10.4,569,183.1,2.96,333.5,134.4,963.6
2026-01-01 10:00:56,SOS,500,20.4,42,0.78,32.0,30.9,1765.3,43.8,1678,31.3,3.44,283.3,423.2,542.0
2026-01-01 10:00:59,SOS,294,35.2,46,0.16,68.8,41.7,936.2,41.8,423,149.2,0.39,426.2,468.0,465.7
2026-01-01 10:01:02,SOS,358,36.7,40,0.54,91.4,45.2,1004.1,3.2,502,152.5,2.45,177.7,433.0,664.7
2026-01-01 10:01:05,SOS,500,32.0,47,0.54,22.6,30.6,1893.3,34.8,1949,182.6,0.98,490.5,341.0,166.7
2026-01-01 10:01:09,SOS,461,24.4,45,0.55,50.5,26.1,463.7,42.4,1311,99.0,2.45,174.7,91.9,187.5
2026-01-01 10:01:12,SOS,500,28.3,47,0.6,88.0,40.9,682.4,1.4,1726,107.6,1.72,445.6,471.8,974.0
2026-01-01 10:01:15,SOS,500,26.3,54,0.46,78.4,20.5,1308.0,45.1,1568,120.8,3.28,280.3,389.2,901.8
2026-01-01 10:01:18,SOS,230,29.4,71,0.64,22.5,4.1,1700.8,17.2,725,188.6,4.05,397.8,335.0,536.8
2026-01-01 10:01:21,SOS,247,21.3,37,0.1,42.3,2.5,398.8,12.6,709,174.7,2.84,250.6,485.8,945.6
2026-01-01 10:01:24,SOS,500,26.6,48,0.9,97.5,10.1,1036.0,34.7,1819,29.0,3.96,269.4,295.0,438.7
2026-01-01 10:01:27,SOS,259,35.7,44,0.29,13.8,19.8,1012.2,26.4,785,104.2,3.46,98.9,174.4,336.8
2026-01-01 10:01:30,SOS,307,19.2,48,0.61,21.6,12.3,1899.2,29.1,976,196.4,0.26,304.1,75.8,730.9
2026-01-01 10:01:33,SOS,500,24.5,88,0.57,96.8,31.8,1951.8,25.8,1490,65.5,2.9,486.4,157.5,422.9
2026-01-01 10:01:36,SOS,430,23.6,36,0.74,30.4,14.5,1619.4,49.5,1391,189.5,4.38,177.0,359.0,204.6
2026-01-01 10:01:39,SOS,500,30.8,85,0.67,38.1,42.9,1143.8,22.8,1866,47.9,3.45,318.8,476.8,247.3
2026-01-01 10:01:42,SOS,422,22.1,67,0.56,38.2,10.6,415.6,31.0,1350,161.3,4.53,471.9,493.1,467.7
2026-01-01 10:01:45,SOS,320,32.0,68,0.77,93.8,9.5,1716.1,29.7,612,122.0,0.41,100.3,248.9,323.9
2026-01-01 10:01:48,SOS,283,38.7,52,0.56,80.5,16.3,1090.1,3.4,497,119.0,1.76,64.6,248.9,744.7
2026-01-01 10:01:51,SOS,367,26.3,55,0.99,18.0,39.5,557.6,45.8,1004,143.0,3.46,391.2,137.1,564.8
2026-01-01 10:01:54,SOS,357,22.2,84,0.32,16.1,19.5,332.8,29.2,1161,84.1,0.26,95.6,269.7,648.5
2026-01-01 10:01:57,SOS,472,33.3,65,0.67,87.4,34.2,1723.4,42.1,1064,179.2,1.6,174.8,404.8,928.3
2026-01-01 10:02:00,SOS,393,34.9,43,0.52,69.4,22.9,1708.9,42.8,950,188.8,1.27,284.8,449.6,342.0
2026-01-01 10:02:03,SOS,370,27.7,56,0.09,49.8,48.4,1031.7,21.9,791,128.6,0.42,169.3,183.1,565.2
2026-01-01 10:02:06,SOS,289,19.8,42,0.55,61.5,13.1,418.0,28.8,662,95.4,1.55,442.6,464.7,260.7
2026-01-01 10:02:09,SOS,371,21.5,69,0.08,87.4,28.4,1058.2,46.6,728,74.0,1.86,101.0,62.3,173.1
2026-01-01 10:02:12,SOS,357,36.3,46,0.41,73.0,30.3,1322.0,12.9,733,147.7,1.0,124.3,240.3,622.4
2026-01-01 10:02:15,SOS,428,25.3,70,0.22,43.9,12.2,1212.7,9.8,1344,20.6,2.39,92.0,72.0,934.2
2026-01-01 10:02:18,SOS,372,38.3,46,0.65,52.8,23.2,521.6,49.9,960,158.3,0.44,371.8,482.5,780.5
2026-01-01 10:02:21,SOS,500,19.2,57,0.93,40.7,40.2,467.4,21.1,1657,176.1,1.88,266.1,185.2,304.7
2026-01-01 10:02:24,SOS,224,31.2,90,0.93,37.7,4.1,317.6,4.7,601,97.6,0.6,185.4,262.7,990.9
2026-01-01 10:02:27,SOS,500,32.8,83,0.62,98.1,42.8,1567.2,46.2,1807,81.2,1.42,405.1,439.9,816.5
2026-01-01 10:02:30,SOS,374,35.4,70,0.56,69.0,9.7,1860.4,5.5,981,116.6,1.12,295.9,321.3,388.6
2026-01-01 10:02:33,SOS,500,28.4,32,0.14,31.3,46.8,1067.1,6.1,1637,99.9,2.63,311.8,362.1,316.4
2026-01-01 10:02:37,SOS,491,18.7,71,0.17,15.4,45.0,835.5,42.0,1504,72.5,0.93,493.0,488.0,290.3
2026-01-01 10:02:40,SOS,500,27.4,68,0.79,95.8,42.8,317.0,36.7,1964,139.1,4.37,124.9,318.9,624.6
2026-01-01 10:02:43,SOS,488,21.7,58,0.65,12.5,33.1,1137.6,4.0,1587,91.2,1.37,499.5,175.7,571.5
2026-01-01 10:02:46,SOS,500,28.4,56,0.28,95.7,5.4,788.0,47.9,1703,134.8,3.21,484.4,493.8,642.5
2026-01-01 10:02:49,SOS,248,24.8,77,0.99,51.8,28.4,899.6,29.4,415,170.6,1.8,352.9,267.5,640.9
2026-01-01 10:02:52,SOS,404,30.1,84,0.8,45.5,16.6,1937.7,35.5,1179,99.3,3.48,160.3,112.7,931.7
2026-01-01 10:02:55,SOS,244,30.2,79,0.5,14.9,7.3,874.4,33.9,808,91.8,1.12,163.4,264.1,729.9
2026-01-01 10:02:58,SOS,500,21.5,80,0.71,90.1,7.5,1059.6,25.8,1763,163.8,0.14,205.2,145.8,140.4
2026-01-01 10:03:01,SOS,500,35.9,33,0.88,80.4,14.1,1134.7,41.5,1940,141.7,2.95,285.1,267.4,824.4
2026-01-01 10:03:04,SOS,326,20.7,32,0.52,77.0,29.6,1908.0,8.3,583,198.9,1.62,290.7,212.2,646.0
2026-01-01 10:03:07,SOS,335,36.2,59,0.12,16.0,30.6,727.1,8.7,995,178.2,3.35,110.1,199.2,199.6
2026-01-01 10:03:10,SOS,500,28.9,36,0.63,83.6,13.6,1914.3,41.1,1768,158.7,2.36,445.7,445.3,515.2
2026-01-01 10:03:13,SOS,500,24.8,70,0.24,50.2,41.9,1549.3,14.5,1546,87.3,3.96,65.4,453.4,492.8
2026-01-01 10:03:16,SOS,377,32.8,68,0.82,82.5,26.6,639.5,6.5,769,199.4,2.72,498.5,463.9,945.8
2026-01-01 10:03:19,SOS,420,19.0,30,0.31,12.1,28.0,1182.3,19.5,1372,189.8,2.07,136.0,408.8,864.0
2026-01-01 10:03:22,SOS,500,35.1,54,0.72,20.9,22.8,795.9,21.8,1751,35.7,4.67,204.3,343.1,540.5
2026-01-01 10:03:25,SOS,155,33.5,36,0.32,16.6,4.5,1553.6,44.3,470,127.8,2.69,355.4,275.6,644.0
2026-01-01 10:03:28,SOS,500,29.1,64,0.36,64.6,10.7,754.2,16.2,1927,162.2,2.15,85.9,125.5,326.4
2026-01-01 10:03:31,SOS,500,37.0,88,0.89,58.3,42.2,1076.2,37.7,1563,174.0,4.87,63.8,296.5,997.5
2026-01-01 10:03:34,SOS,444,37.6,30,0.82,68.9,19.7,403.3,4.6,1171,98.3,0.99,273.8,230.3,595.8
2026-01-01 10:03:37,SOS,201,25.0,72,0.8,42.1,2.1,333.4,2.6,502,93.6,1.45,487.6,302.3,142.8
2026-01-01 10:03:40,SOS,472,32.9,53,0.6,57.2,11.6,777.3,49.5,1429,15.7,1.93,439.1,154.5,928.4
2026-01-01 10:03:43,SOS,322,31.2,74,0.97,39.0,22.1,995.9,18.5,838,117.3,2.75,249.6,143.2,523.8
2026-01-01 10:03:46,SOS,409,34.4,73,0.25,53.5,4.6,1472.9,34.8,1268,184.4,3.91,232.6,113.7,100.0
2026-01-01 10:03:49,SOS,232,24.3,78,0.92,20.9,42.8,1473.9,22.0,422,21.8,1.59,257.8,190.9,225.5
2026-01-01 10:03:52,SOS,263,20.9,48,0.24,34.2,18.1,991.4,31.8,692,86.8,3.54,159.7,447.1,434.5
2026-01-01 10:03:55,SOS,443,34.4,38,0.18,47.4,49.9,633.4,26.0,1081,15.8,2.75,249.5,147.3,827.7
2026-01-01 10:03:58,SOS,369,19.4,46,0.52,41.2,33.5,804.9,21.8,940,134.3,2.42,127.5,317.2,915.4
2026-01-01 10:04:01,SOS,500,19.7,89,0.1,82.5,29.9,1334.5,33.1,1525,67.6,0.39,382.3,386.0,137.1
2026-01-01 10:04:04,SOS,404,19.7,52,0.23,11.6,8.5,402.1,19.9,1468,88.9,2.23,363.8,113.0,304.4
2026-01-01 10:04:07,SOS,451,32.8,34,0.44,52.0,46.4,1909.7,25.5,1103,96.6,2.19,383.3,112.4,711.6
2026-01-01 10:04:10,SOS,421,39.8,45,0.19,43.4,46.1,1818.8,3.0,1049,199.6,0.6,148.7,320.9,729.5
2026-01-01 10:04:14,SOS,302,18.8,65,0.73,45.9,28.4,1372.5,33.6,677,96.5,4.94,316.1,199.6,439.1
2026-01-01 10:04:17,SOS,482,25.9,50,0.49,34.9,37.2,959.4,30.9,1400,29.1,2.5,385.2,301.2,126.4
2026-01-01 10:04:20,SOS,420,33.3,86,0.6,17.3,13.4,801.0,34.3,1446,174.6,4.35,179.2,257.6,844.1
2026-01-01 10:04:23,SOS,500,26.3,62,0.59,74.1,43.7,632.2,21.9,1257,43.4,4.24,169.0,324.5,642.8
2026-01-01 10:04:26,SOS,412,32.6,78,0.51,11.8,33.9,1481.8,8.8,1284,118.5,4.26,275.6,189.7,372.1
2026-01-01 10:04:29,SOS,276,20.3,63,0.8,41.3,13.9,1922.6,24.9,711,86.8,3.99,496.5,106.5,257.7
2026-01-01 10:04:32,SOS,471,34.5,47,0.28,24.9,15.8,1574.2,11.1,1596,194.8,4.87,51.0,152.1,191.2
2026-01-01 10:04:35,SOS,358,34.0,59,0.87,60.8,7.1,512.9,1.7,976,85.4,0.13,127.4,286.1,394.5
2026-01-01 10:04:38,SOS,500,32.2,71,0.09,67.7,21.1,1924.8,9.1,1443,136.4,3.16,159.9,395.3,117.8
2026-01-01 10:04:41,SOS,329,33.2,45,0.66,88.8,38.9,1296.6,46.2,446,38.5,2.57,370.9,379.9,362.4
2026-01-01 10:04:44,SOS,259,37.5,49,0.91,38.5,4.8,1207.0,27.5,730,92.6,3.39,253.8,493.9,153.1
2026-01-01 10:04:47,SOS,325,25.7,32,0.13,97.2,19.0,1787.0,40.4,559,159.6,0.41,118.8,457.1,756.9
2026-01-01 10:04:50,SOS,401,33.7,42,0.21,53.4,30.9,389.3,49.1,1028,92.2,4.56,372.8,89.8,843.0
2026-01-01 10:04:53,SOS,248,20.8,38,0.91,46.2,26.3,1348.8,32.4,470,28.1,0.7,307.3,366.9,852.7
2026-01-01 10:04:56,SOS,445,30.9,74,0.77,51.5,41.9,1077.2,7.2,1105,141.0,2.45,323.3,118.6,617.2
2026-01-01 10:04:59,SOS,384,32.2,49,0.71,10.6,11.0,781.7,44.0,1357,166.1,0.86,141.2,219.5,806.9
2026-01-01 10:05:02,SOS,498,32.4,49,0.84,23.4,1.4,1863.9,14.0,1807,190.0,0.62,364.1,364.6,270.2
2026-01-01 10:05:05,SOS,500,26.8,41,0.3,16.1,45.7,976.8,39.7,1756,140.8,2.2,463.2,367.4,793.5
2026-01-01 10:05:08,SOS,346,27.9,60,0.28,26.3,45.0,1136.1,15.5,853,126.4,3.4,469.1,144.5,317.5
2026-01-01 10:05:11,SOS,500,31.9,65,0.2,74.3,42.1,622.7,38.5,1934,150.7,1.21,169.1,198.3,349.7
2026-01-01 10:05:14,SOS,448,23.5,30,0.08,91.0,44.6,1452.8,6.2,885,142.7,1.14,419.2,366.7,449.0
2026-01-01 10:05:17,SOS,268,25.4,47,0.36,14.1,35.0,1973.7,37.0,693,111.1,2.79,344.5,112.3,655.5
2026-01-01 10:05:20,SOS,395,38.2,66,0.99,81.6,18.8,859.7,22.5,902,145.7,3.08,299.8,373.0,791.2
2026-01-01 10:05:23,SOS,275,18.7,38,0.45,70.7,5.4,1884.7,2.7,616,129.1,4.47,405.9,303.3,815.5
2026-01-01 10:05:26,SOS,500,21.0,84,0.29,75.6,20.3,988.2,42.9,1638,114.7,3.91,464.8,438.9,750.9
2026-01-01 10:05:30,SOS,442,34.3,38,0.22,11.8,26.2,717.0,44.8,1478,99.1,0.61,417.9,362.8,420.9
2026-01-01 10:05:33,SOS,400,27.1,75,0.89,74.6,36.3,1203.2,30.1,826,112.8,1.4,244.1,406.0,664.3
2026-01-01 10:05:36,SOS,500,27.5,54,0.65,88.9,42.2,538.7,22.8,1621,108.8,0.5,129.5,178.7,234.6
2026-01-01 10:05:39,SOS,226,37.7,77,0.23,24.3,21.1,763.2,6.5,579,60.9,3.67,162.0,257.2,443.0
2026-01-01 10:05:42,SOS,368,35.2,58,0.22,80.6,35.5,765.5,24.9,695,123.2,4.0,247.4,148.2,728.3
2026-01-01 10:05:45,SOS,296,38.2,46,0.1,25.3,5.0,573.0,29.1,988,14.1,0.42,386.2,355.5,287.5
2026-01-01 10:05:48,SOS,500,37.2,76,0.71,29.2,3.8,1397.7,37.8,1833,174.0,3.54,65.4,87.8,235.3
2026-01-01 10:05:51,SOS,334,31.7,52,0.82,16.4,31.7,1147.1,10.3,951,95.6,1.19,436.2,382.1,614.7
2026-01-01 10:05:54,SOS,500,33.8,41,0.55,54.1,25.3,306.9,16.2,1951,130.6,0.65,210.0,162.8,244.3
2026-01-01 10:05:57,SOS,500,27.2,53,0.26,91.8,35.2,1239.5,13.3,1547,188.2,3.88,304.9,260.8,498.6
2026-01-01 10:06:00,SOS,437,40.0,88,0.57,34.5,22.2,767.5,44.9,1340,114.1,0.67,140.7,370.8,449.7
2026-01-01 10:06:03,SOS,500,21.3,44,0.37,85.0,30.9,1409.6,41.3,1270,87.0,2.84,468.6,210.7,230.6
2026-01-01 10:06:06,SOS,440,36.1,40,0.75,65.9,5.4,564.9,26.2,1292,33.4,2.96,343.4,475.2,275.3
2026-01-01 10:06:09,SOS,500,36.9,64,0.39,95.4,38.6,849.2,39.6,1347,44.9,4.62,383.5,83.0,207.0
2026-01-01 10:06:12,SOS,500,30.8,77,0.34,62.8,13.7,885.0,6.4,1828,52.7,3.33,490.3,101.2,598.1
2026-01-01 10:06:15,SOS,407,34.9,30,0.93,85.2,10.9,504.8,9.4,993,70.0,1.9,148.2,97.3,791.2
2026-01-01 10:06:18,SOS,454,29.7,54,0.1,90.9,17.2,1823.2,22.8,1129,39.9,4.85,82.9,390.9,953.9
2026-01-01 10:06:21,SOS,317,34.8,68,0.74,71.3,49.0,899.9,3.9,419,108.5,2.05,143.3,82.1,494.5
2026-01-01 10:06:24,SOS,372,26.0,81,0.61,73.5,19.8,735.4,17.8,863,187.1,2.3,466.1,421.5,282.1
2026-01-01 10:06:27,SOS,500,18.1,79,0.98,34.8,21.7,1411.8,8.7,1816,19.5,4.42,63.6,102.8,932.0
2026-01-01 10:06:30,SOS,231,22.6,41,0.8,19.2,11.2,1612.9,31.7,688,120.2,3.39,120.2,218.9,507.5
2026-01-01 10:06:33,SOS,500,33.7,66,0.52,64.5,14.6,1279.3,44.8,1812,15.3,3.56,459.7,92.2,258.9
2026-01-01 10:06:37,SOS,482,20.5,50,0.37,35.5,16.9,1177.6,32.5,1565,50.3,1.65,55.7,474.6,432.4
2026-01-01 10:06:40,SOS,500,30.9,55,0.54,20.1,20.5,823.6,45.8,1797,10.5,3.02,150.0,379.9,209.0
2026-01-01 10:06:43,SOS,500,21.2,49,0.15,83.9,4.5,902.2,14.3,1933,64.6,4.39,72.6,472.6,714.9
2026-01-01 10:06:46,SOS,424,34.9,58,0.23,62.7,49.0,873.1,26.3,919,91.6,4.33,287.0,294.2,332.3
2026-01-01 10:06:49,SOS,409,34.0,75,0.56,34.0,11.4,668.7,9.9,1317,53.5,1.99,425.7,161.5,729.8
2026-01-01 10:06:52,SOS,500,22.4,67,0.46,74.3,45.3,870.6,21.9,1179,117.8,3.61,72.7,455.5,607.7
2026-01-01 10:06:55,SOS,500,37.3,58,0.81,66.5,35.2,474.9,44.9,1458,40.2,2.07,340.2,183.6,277.6
2026-01-01 10:06:58,SOS,275,23.3,54,0.05,11.5,38.9,1431.8,34.1,716,173.7,1.49,197.8,469.8,758.9
2026-01-01 10:07:01,SOS,471,21.7,59,0.59,73.9,34.9,549.6,44.4,1139,170.7,1.69,115.2,460.7,541.5
2026-01-01 10:07:04,SOS,462,29.8,90,0.76,37.5,20.5,1505.7,1.7,1429,153.2,0.78,393.2,84.7,297.7
2026-01-01 10:07:07,SOS,490,34.8,45,0.55,80.0,13.8,1634.0,26.7,1348,45.0,0.76,312.3,423.1,555.0
2026-01-01 10:07:10,SOS,500,18.7,66,0.3,60.2,41.5,1417.8,10.4,1321,72.6,0.21,149.6,323.8,278.7
2026-01-01 10:07:13,SOS,249,30.0,45,0.06,14.5,7.5,1627.8,10.9,846,143.2,2.77,153.4,166.5,282.6
2026-01-01 10:07:16,SOS,500,32.4,90,0.7,67.5,16.2,426.9,32.5,1802,128.4,4.74,84.6,119.3,300.2
2026-01-01 10:07:19,SOS,500,37.6,75,0.92,49.7,41.2,1456.9,11.3,1751,17.7,0.39,354.7,489.8,685.2
2026-01-01 10:07:22,SOS,421,25.6,55,0.66,99.0,18.7,767.2,39.8,914,137.4,2.81,324.0,175.5,615.6
2026-01-01 10:07:25,SOS,500,33.7,43,0.43,70.6,35.9,604.8,24.2,1605,143.4,2.52,300.0,65.0,977.8
2026-01-01 10:07:28,SOS,459,27.8,66,0.23,45.1,44.1,1478.0,4.5,1202,177.1,2.78,237.9,257.3,471.0
2026-01-01 10:07:31,SOS,500,19.0,40,0.38,86.9,7.5,1267.2,43.8,1999,75.3,4.49,244.4,407.1,248.7
2026-01-01 10:07:34,SOS,191,39.0,86,0.15,19.5,8.9,597.6,13.4,568,87.7,2.21,386.4,396.1,668.5
2026-01-01 10:07:37,SOS,425,37.9,85,0.88,55.8,35.3,307.7,17.5,1048,150.4,0.76,399.9,476.5,293.2
2026-01-01 10:07:40,SOS,488,27.2,90,0.85,17.9,39.0,715.9,10.1,1500,66.1,3.25,252.4,327.2,699.1
2026-01-01 10:07:43,SOS,256,18.1,37,0.88,61.2,14.2,371.2,28.0,507,40.7,0.75,250.2,372.2,360.8
2026-01-01 10:07:46,SOS,500,26.8,38,0.83,12.8,44.2,851.2,1.4,1557,41.0,3.6,296.0,405.5,799.9
2026-01-01 10:07:49,SOS,500,33.3,50,0.95,45.2,4.1,824.2,19.6,1840,151.1,0.91,333.9,412.6,514.1
2026-01-01 10:07:52,SOS,500,31.3,32,0.75,83.2,9.1,1098.0,46.2,1803,32.6,0.93,427.2,395.3,460.3
2026-01-01 10:07:56,SOS,411,34.1,81,0.58,24.3,42.7,453.5,14.9,1133,126.3,0.94,172.6,403.4,569.2
2026-01-01 10:07:59,SOS,500,35.7,81,0.86,22.5,33.0,1505.0,35.1,1879,138.2,0.15,155.8,330.2,939.5
2026-01-01 10:08:02,SOS,500,38.9,77,0.37,83.7,26.1,879.9,16.6,1309,79.5,3.63,256.2,165.8,104.7
2026-01-01 10:08:05,SOS,396,40.0,51,0.72,43.6,31.2,1953.5,3.6,1044,52.4,0.89,76.8,286.5,226.1
2026-01-01 10:08:08,SOS,420,32.1,32,0.79,77.6,11.8,1665.9,1.1,1087,193.9,1.43,286.7,395.7,669.5
2026-01-01 10:08:11,SOS,388,22.0,88,0.49,21.5,21.5,1442.8,21.5,1230,107.8,4.87,164.9,374.1,856.7
2026-01-01 10:08:14,SOS,500,38.5,48,0.43,88.9,1.4,899.4,29.9,1605,35.6,3.92,204.5,474.5,283.2
2026-01-01 10:08:17,SOS,500,29.3,64,0.26,16.9,33.7,1538.5,6.3,1997,65.4,1.24,354.2,354.7,673.5
2026-01-01 10:08:20,SOS,367,28.1,44,0.65,25.0,8.7,1851.7,22.4,1223,61.0,3.45,327.8,65.2,402.3
2026-01-01 10:08:23,SOS,363,23.8,89,0.19,28.9,45.9,990.2,24.0,905,177.4,2.09,134.3,380.1,693.7
2026-01-01 10:08:26,SOS,500,32.5,73,0.62,23.9,44.3,1488.1,12.0,1790,49.7,2.78,454.8,59.7,609.6
2026-01-01 10:08:29,SOS,448,21.4,54,0.73,74.9,44.9,1810.3,9.1,955,126.6,1.1,129.5,449.7,950.4
2026-01-01 10:08:32,SOS,277,22.2,61,0.43,12.7,27.7,340.2,27.4,793,99.8,2.59,444.9,140.6,944.2
2026-01-01 10:08:35,SOS,500,22.7,89,0.41,47.6,11.0,572.2,48.5,1616,155.2,0.68,353.8,128.7,779.7
2026-01-01 10:08:38,SOS,500,31.3,36,0.68,54.8,11.9,945.4,44.1,1788,80.7,1.48,232.0,361.7,803.6
2026-01-01 10:08:41,SOS,500,29.2,67,0.65,81.5,42.6,325.9,24.0,1949,76.1,1.34,310.6,220.2,657.3
2026-01-01 10:08:44,SOS,500,29.4,38,0.18,61.2,21.1,1870.6,41.9,1529,162.5,4.34,60.3,420.0,642.2
2026-01-01 10:08:47,SOS,500,38.1,75,0.99,30.0,43.6,1734.1,21.1,1488,194.9,1.29,373.0,397.4,123.8
2026-01-01 10:08:50,SOS,409,40.0,34,0.32,31.6,43.5,1387.7,20.5,1084,104.4,4.38,215.1,277.2,949.6
2026-01-01 10:08:53,SOS,500,22.5,31,0.37,41.1,42.1,820.5,10.4,1807,103.1,3.85,478.6,477.1,588.8
2026-01-01 10:08:56,SOS,423,27.9,60,0.68,12.7,27.0,1891.0,24.2,1371,41.3,2.06,196.6,92.6,879.1
2026-01-01 10:08:59,SOS,319,36.5,64,0.7,59.2,7.5,1638.2,2.2,833,170.8,3.33,381.0,61.4,560.1
2026-01-01 10:09:02,SOS,500,27.5,71,0.8,65.3,29.4,1387.1,15.2,1897,79.2,2.72,204.1,470.3,320.5
2026-01-01 10:09:05,SOS,422,29.9,70,0.36,45.2,47.8,1622.5,1.1,1019,122.4,1.57,187.9,450.3,511.3
2026-01-01 10:09:08,SOS,462,28.3,53,0.28,49.0,22.6,926.3,13.6,1364,193.0,4.27,483.3,440.7,860.5
2026-01-01 10:09:11,SOS,489,22.0,56,0.39,20.7,1.9,1968.9,48.4,1800,26.1,4.64,238.8,428.7,113.0
2026-01-01 10:09:14,SOS,330,24.2,74,0.14,46.7,10.9,684.5,27.1,949,41.5,1.68,263.6,188.3,104.6
2026-01-01 10:09:18,SOS,500,27.1,67,0.98,60.5,46.1,555.1,31.4,1320,76.6,4.03,399.0,344.9,238.2
2026-01-01 10:09:21,SOS,500,30.2,41,0.42,41.5,40.3,1998.0,44.9,1517,21.8,4.68,492.2,306.5,452.7
2026-01-01 10:09:24,SOS,448,21.9,67,0.26,35.3,21.0,1911.1,20.4,1400,29.9,3.75,283.1,72.4,111.0
2026-01-01 10:09:27,SOS,500,39.4,41,0.37,15.0,23.9,642.7,30.9,1760,91.6,0.33,409.4,232.6,152.8
2026-01-01 10:09:30,SOS,500,31.4,48,0.4,87.4,23.0,1195.7,29.1,1378,56.0,4.29,311.0,243.8,522.8
2026-01-01 10:09:33,SOS,475,18.7,86,0.14,78.3,26.6,1189.3,15.3,1213,93.7,2.51,209.6,59.8,752.8
2026-01-01 10:09:36,SOS,380,39.1,67,0.51,41.0,2.8,1207.3,34.9,1233,99.0,1.87,297.7,158.0,195.8
2026-01-01 10:09:39,SOS,404,38.8,63,0.38,66.3,34.5,1422.5,13.3,927,28.7,2.4,389.9,91.2,678.3
2026-01-01 10:09:42,SOS,396,27.2,83,0.61,77.6,23.4,1801.6,49.1,907,16.1,3.83,430.6,100.5,137.1
2026-01-01 10:09:45,SOS,380,30.8,38,0.73,50.1,13.5,794.1,12.1,1083,145.6,3.42,388.2,271.9,802.4
2026-01-01 10:09:48,SOS,398,20.2,33,0.8,88.1,20.6,799.3,40.7,865,118.2,2.5,225.1,88.5,545.7
2026-01-01 10:09:51,SOS,344,31.9,87,0.91,36.4,20.5,660.4,42.3,957,42.2,0.61,106.7,317.8,673.4
2026-01-01 10:09:54,SOS,500,31.8,51,0.08,69.7,43.6,948.4,29.5,1598,71.9,1.49,254.2,440.3,179.3
2026-01-01 10:09:57,SOS,430,23.0,46,0.19,56.4,36.6,1900.4,42.2,1083,147.3,2.06,426.7,421.6,518.8
2026-01-01 10:10:00,SOS,248,18.6,46,0.95,65.9,13.9,1200.9,27.9,448,44.8,3.36,445.2,313.3,842.1
2026-01-01 10:10:03,SOS,483,20.7,41,0.74,40.3,15.0,1981.1,11.5,1541,39.1,0.41,323.2,412.7,806.0
2026-01-01 10:10:06,SOS,325,32.0,37,0.27,60.7,37.9,1730.0,4.2,621,46.1,4.24,195.1,113.0,526.2
2026-01-01 10:10:09,SOS,500,36.9,88,0.75,56.7,18.6,1258.9,36.6,1943,26.2,4.02,462.7,479.6,501.3
2026-01-01 10:10:12,SOS,500,18.7,71,0.85,86.8,31.5,1240.7,29.7,1423,144.9,4.81,205.8,324.9,780.8
2026-01-01 10:10:15,SOS,372,26.4,70,0.86,75.6,43.4,1504.6,38.1,653,105.9,1.0,241.3,424.7,581.1
2026-01-01 10:10:18,SOS,500,30.8,59,0.78,70.1,37.8,1623.0,44.5,1947,61.3,3.05,204.4,91.2,723.6
2026-01-01 10:10:21,SOS,219,27.8,44,0.53,32.0,25.2,771.7,17.6,463,150.2,2.57,193.5,478.9,636.4
2026-01-01 10:10:24,SOS,307,33.1,86,0.64,79.2,10.7,1399.6,13.8,642,106.8,1.53,203.7,399.1,755.7
2026-01-01 10:10:28,SOS,451,20.4,34,0.54,40.2,32.6,1546.3,46.7,1281,140.6,3.22,138.8,241.4,335.5
2026-01-01 10:10:31,SOS,500,35.9,31,0.95,99.9,29.1,1905.5,40.0,1578,35.6,4.73,205.3,172.5,567.3
2026-01-01 10:10:34,SOS,308,19.5,43,0.31,77.1,41.5,636.2,28.3,423,12.9,0.14,107.6,223.0,109.4
2026-01-01 10:10:37,SOS,286,24.8,42,0.9,76.4,12.2,1932.1,18.2,552,102.5,0.5,465.0,436.7,700.5
2026-01-01 10:10:40,SOS,500,20.7,50,0.66,86.9,43.9,1760.0,39.9,1144,196.9,1.68,472.7,430.4,137.2
2026-01-01 10:10:43,SOS,500,31.3,31,0.93,56.5,2.4,950.7,24.7,1876,146.9,3.28,199.6,185.4,201.5
2026-01-01 10:10:46,SOS,500,23.9,41,0.75,96.7,18.8,898.5,39.5,1647,93.8,4.77,167.0,126.0,453.2
2026-01-01 10:10:49,SOS,353,33.0,49,0.83,51.0,11.6,1156.8,48.2,981,60.4,3.1,159.9,186.8,253.1
2026-01-01 10:10:52,SOS,272,26.8,59,0.87,40.9,21.4,745.4,46.3,636,169.7,0.38,463.5,87.8,843.4
2026-01-01 10:10:55,SOS,456,37.2,46,0.52,61.7,16.7,1251.1,36.0,1298,42.0,4.21,431.2,193.4,413.8
2026-01-01 10:10:58,SOS,387,18.5,32,0.28,40.4,4.6,886.1,29.8,1256,90.1,4.75,475.7,207.2,854.3
2026-01-01 10:11:01,SOS,354,24.0,54,0.83,99.9,2.0,591.1,38.6,766,116.8,2.34,479.4,256.5,540.8
2026-01-01 10:11:04,SOS,252,29.6,80,0.91,72.8,7.2,502.0,32.9,478,138.8,4.2,159.1,332.7,434.9
2026-01-01 10:11:07,SOS,500,20.4,40,0.07,25.2,39.3,1471.6,29.6,1685,146.1,3.13,296.1,248.7,355.5
2026-01-01 10:11:10,SOS,424,19.2,53,0.8,45.9,15.9,501.9,34.6,1262,190.9,2.94,69.4,273.5,355.7
2026-01-01 10:11:13,SOS,500,23.5,88,0.64,48.7,29.5,1097.3,40.3,1464,80.2,1.33,258.5,299.2,874.9
2026-01-01 10:11:16,SOS,251,18.7,90,0.9,39.1,3.0,1697.0,44.0,708,119.3,2.01,165.3,498.6,922.8
2026-01-01 10:11:19,SOS,316,36.7,70,0.17,59.6,36.4,1453.3,21.2,609,197.7,2.34,72.1,54.3,238.0
2026-01-01 10:11:22,SOS,500,22.5,60,0.76,67.3,32.6,1596.0,22.9,1457,180.5,1.03,400.3,427.2,872.3
2026-01-01 10:11:25,SOS,364,20.0,89,0.61,36.4,12.1,1208.2,41.8,1116,165.3,3.04,175.1,189.3,255.0
2026-01-01 10:11:28,SOS,500,31.2,55,0.68,100.0,20.3,1351.2,23.8,1797,108.6,3.32,374.6,169.6,537.1
2026-01-01 10:11:32,SOS,321,18.7,47,0.56,59.8,12.0,1768.5,26.2,808,142.4,1.67,58.1,459.0,896.7
2026-01-01 10:11:35,SOS,429,30.9,48,0.59,81.5,46.4,1118.5,12.8,832,102.0,1.49,141.4,291.2,298.2
2026-01-01 10:11:38,SOS,500,19.0,78,0.74,88.4,37.1,861.8,2.9,1492,149.6,2.48,337.3,449.2,131.9
2026-01-01 10:11:41,SOS,222,19.1,83,0.19,60.1,11.4,326.0,26.2,430,24.0,1.09,280.6,381.0,321.2
2026-01-01 10:11:44,SOS,301,36.5,79,0.05,99.2,14.1,425.7,49.5,495,169.7,1.62,312.0,248.7,906.3
2026-01-01 10:11:47,SOS,422,19.5,65,0.67,30.7,36.7,1405.8,17.0,1184,115.8,0.21,391.0,254.9,382.4
2026-01-01 10:11:50,SOS,423,25.3,35,0.57,78.9,6.8,429.8,15.3,1140,139.5,1.86,82.8,182.3,601.1
2026-01-01 10:11:53,SOS,387,23.5,71,0.92,45.9,31.9,1709.1,6.1,982,144.0,3.19,269.1,355.9,879.9
2026-01-01 10:11:56,SOS,490,33.1,61,0.09,13.7,38.4,338.4,9.1,1567,179.5,1.06,141.8,325.1,987.6
2026-01-01 10:11:59,SOS,462,36.1,89,0.51,12.0,30.2,633.8,9.7,1514,157.9,1.67,327.7,243.3,415.7
2026-01-01 10:12:02,SOS,308,26.6,50,0.57,31.3,45.2,328.2,46.5,658,16.4,2.14,457.5,235.4,799.5
2026-01-01 10:12:05,SOS,415,34.5,87,0.74,56.2,46.5,691.0,33.5,920,15.9,1.38,122.6,147.5,837.4
2026-01-01 10:12:08,SOS,485,19.9,44,0.62,28.8,45.1,1420.2,43.0,1383,187.6,1.37,196.0,273.4,760.6
2026-01-01 10:12:11,SOS,268,30.3,48,0.21,66.1,15.1,809.3,40.5,547,111.2,2.09,382.4,77.9,641.3
2026-01-01 10:12:14,SOS,374,32.2,72,0.11,13.0,48.2,1203.8,37.4,1029,182.6,4.19,112.9,388.5,300.6
2026-01-01 10:12:17,SOS,500,25.3,89,0.66,84.3,41.5,1341.9,25.2,1229,13.0,3.9,469.9,175.6,808.5
2026-01-01 10:12:20,SOS,360,21.1,79,0.26,37.4,4.7,601.0,12.5,1166,71.9,2.57,309.0,183.2,930.8
2026-01-01 10:12:23,SOS,500,37.6,53,0.37,79.0,39.5,909.2,48.9,1813,81.4,4.91,468.6,378.1,943.7
2026-01-01 10:12:26,SOS,500,25.7,79,0.51,34.7,43.6,1668.9,7.6,1797,11.2,4.51,435.6,164.0,793.5
2026-01-01 10:12:29,SOS,485,20.3,54,0.18,40.2,4.1,470.6,30.3,1660,68.0,0.24,226.4,156.9,200.7
2026-01-01 10:12:32,SOS,500,38.7,36,0.65,59.2,9.2,1872.1,11.2,1741,182.6,1.35,143.2,302.6,107.0
2026-01-01 10:12:35,SOS,425,32.7,35,0.96,82.2,10.2,1758.1,48.8,1088,45.4,1.07,246.5,460.0,531.0
2026-01-01 10:12:38,SOS,409,19.8,80,0.13,22.9,25.7,1558.2,38.8,1289,105.9,0.11,124.6,130.7,309.3
2026-01-01 10:12:41,SOS,500,25.1,66,0.79,44.2,24.1,640.2,18.3,1902,116.3,0.99,219.1,233.1,132.2
2026-01-01 10:12:44,SOS,297,31.2,45,0.56,26.4,48.8,696.8,25.8,615,73.3,0.96,95.1,269.3,918.9
2026-01-01 10:12:47,SOS,500,20.8,76,0.56,67.5,25.9,1754.9,11.0,1585,152.7,4.02,312.8,123.4,325.3
2026-01-01 10:12:50,SOS,500,24.4,39,0.89,92.0,10.3,699.5,26.0,1702,108.7,1.1,68.0,299.4,500.1
2026-01-01 10:12:54,SOS,399,30.8,36,0.68,77.7,21.3,850.7,22.5,932,176.4,2.94,270.9,56.4,149.3
2026-01-01 10:12:57,SOS,500,22.5,87,0.93,12.1,35.2,1459.0,24.4,1817,23.7,1.62,65.8,491.0,409.3
2026-01-01 10:13:00,SOS,252,29.8,89,0.68,57.3,20.3,1267.6,46.1,473,109.2,4.67,52.1,495.3,428.0
2026-01-01 10:13:03,SOS,311,33.7,78,0.92,58.0,43.2,491.2,39.5,515,154.0,0.6,238.5,90.0,115.8
2026-01-01 10:13:06,SOS,386,28.0,65,0.22,80.1,9.8,812.3,14.9,975,181.3,0.1,290.8,243.5,221.4
2026-01-01 10:13:09,SOS,500,31.3,75,0.3,52.6,45.3,1273.0,3.9,1317,98.5,4.52,285.6,116.8,196.1
2026-01-01 10:13:12,SOS,436,39.0,82,0.85,43.6,44.1,1448.4,48.7,1095,15.7,4.33,130.5,454.8,297.4
2026-01-01 10:13:15,SOS,500,23.4,73,0.38,90.2,34.1,1214.3,15.1,1985,187.4,2.36,406.5,207.3,784.4
2026-01-01 10:13:18,SOS,369,27.8,32,0.79,13.8,48.8,1836.8,8.7,972,185.1,3.76,330.1,184.9,517.7
2026-01-01 10:13:21,SOS,211,30.6,84,0.64,48.8,6.7,540.5,41.3,471,89.4,3.05,69.6,57.5,733.4
2026-01-01 10:13:24,SOS,270,18.3,84,0.49,45.7,37.3,1728.3,16.2,489,190.4,0.61,322.8,499.5,295.2
2026-01-01 10:13:27,SOS,409,36.1,79,0.3,75.6,37.9,1410.1,10.2,869,115.3,3.34,121.3,118.4,343.9
2026-01-01 10:13:30,SOS,500,21.9,52,0.74,38.0,26.7,796.2,35.4,1665,181.1,2.86,110.4,124.1,900.7
2026-01-01 10:13:33,SOS,394,37.6,55,0.33,84.3,25.4,1902.0,9.0,853,70.7,3.45,272.2,275.4,547.7
2026-01-01 10:13:36,SOS,455,39.8,70,0.13,38.3,10.9,1208.9,34.6,1498,151.1,1.09,122.6,139.2,601.3
2026-01-01 10:13:39,SOS,332,34.5,79,0.85,32.5,8.8,1677.0,25.1,1030,147.0,0.88,200.8,346.2,632.3
2026-01-01 10:13:42,SOS,405,22.3,32,0.05,77.6,18.0,1725.2,11.8,1008,101.4,1.16,367.1,232.8,704.9
2026-01-01 10:13:45,SOS,428,32.7,85,0.19,86.9,17.7,755.0,3.2,1042,28.1,0.75,56.0,265.9,685.0
2026-01-01 10:13:48,SOS,275,21.7,32,0.3,49.1,45.0,1538.6,23.7,432,96.3,1.52,491.9,419.2,427.3
2026-01-01 10:13:51,SOS,500,19.2,54,0.67,57.1,21.4,1727.3,5.6,1844,176.6,4.86,193.3,143.9,144.8
2026-01-01 10:13:54,SOS,304,19.5,81,0.5,37.5,6.7,1703.8,27.9,919,67.8,2.66,390.3,428.8,356.4
2026-01-01 10:13:57,SOS,480,18.6,43,0.36,88.9,23.5,1686.2,29.0,1184,58.4,4.84,93.4,435.2,787.7
2026-01-01 10:14:00,SOS,500,31.4,89,0.67,92.0,32.8,1069.5,35.5,1626,162.0,3.69,268.3,157.0,437.6
2026-01-01 10:14:03,SOS,500,31.2,46,0.76,21.5,31.6,437.3,39.1,1975,48.9,1.11,139.9,453.6,437.7
2026-01-01 10:14:06,SOS,324,33.9,78,0.73,99.5,10.2,857.9,23.2,588,26.6,4.5,216.4,229.4,884.0
2026-01-01 10:14:09,SOS,277,21.9,50,0.27,16.9,38.0,664.4,24.6,692,189.1,2.92,257.3,258.1,970.3
2026-01-01 10:14:12,SOS,500,31.9,78,0.34,68.7,34.6,1577.1,11.1,1541,107.4,1.76,466.0,468.1,642.0
2026-01-01 10:14:16,SOS,361,29.6,38,0.26,37.7,2.5,884.0,1.1,1189,165.2,4.61,174.7,359.3,542.7
2026-01-01 10:14:19,SOS,491,36.9,84,0.98,14.5,21.0,1315.2,40.6,1669,155.4,2.8,264.0,400.2,834.8
2026-01-01 10:14:22,SOS,479,18.5,55,0.86,29.2,3.9,962.6,39.7,1677,166.6,3.79,283.9,231.5,611.9
2026-01-01 10:14:25,SOS,468,25.5,89,0.34,11.8,26.6,1492.6,25.7,1573,121.8,0.59,111.8,135.5,469.2
2026-01-01 10:14:28,SOS,500,19.8,68,0.46,98.1,9.8,1633.2,13.9,1962,119.1,0.68,171.1,485.0,215.5
2026-01-01 10:14:31,SOS,500,23.7,79,0.3,23.5,29.8,563.5,34.4,1962,150.7,0.28,176.8,310.2,252.6
2026-01-01 10:14:34,SOS,303,24.1,68,0.38,14.9,42.7,474.4,42.5,764,73.2,4.55,235.0,226.3,547.8
2026-01-01 10:14:37,SOS,316,27.6,51,0.21,28.2,24.5,476.1,43.2,891,18.9,1.1,242.2,221.7,831.6
2026-01-01 10:14:40,SOS,440,23.0,81,0.74,37.1,23.1,1188.4,2.7,1321,123.2,4.82,111.3,404.5,372.0
2026-01-01 10:14:43,SOS,243,29.0,51,0.58,18.9,10.6,1216.5,2.6,752,108.1,1.84,347.6,281.7,509.7
2026-01-01 10:14:46,SOS,500,19.3,49,0.72,99.1,40.7,1725.2,18.1,1794,120.7,2.65,467.3,313.8,830.1
2026-01-01 10:14:49,SOS,335,37.3,47,0.2,81.6,31.9,902.4,24.3,589,86.1,0.15,173.9,450.0,266.6
2026-01-01 10:14:52,SOS,337,20.9,77,0.4,23.5,38.6,400.9,1.5,884,153.2,3.3,69.6,242.6,643.8
2026-01-01 10:14:55,SOS,387,29.2,32,0.64,80.1,20.3,1285.2,33.1,879,70.5,0.12,267.3,271.7,304.6
2026-01-01 10:14:58,SOS,500,28.1,79,0.61,87.7,7.7,1585.2,33.0,1452,75.6,1.32,489.2,94.4,928.8
2026-01-01 10:15:01,SOS,281,36.1,61,0.57,36.7,22.8,1701.0,36.0,697,161.3,4.61,396.2,83.2,431.8
2026-01-01 10:15:04,SOS,208,36.7,37,0.6,31.3,6.7,1544.6,11.2,568,184.1,1.22,254.1,486.1,548.0
2026-01-01 10:15:07,SOS,500,23.2,78,0.97,81.5,29.2,1319.9,10.1,1958,136.6,2.11,274.4,168.5,917.2
2026-01-01 10:15:10,SOS,445,29.3,44,0.89,90.8,37.6,1479.5,22.9,900,197.9,3.13,136.1,476.7,515.1
2026-01-01 10:15:13,SOS,208,36.8,46,0.97,29.8,4.3,1456.8,44.4,580,26.2,4.59,372.2,61.6,256.7
2026-01-01 10:15:16,SOS,374,36.3,60,0.96,85.8,11.6,1256.3,14.6,849,80.9,0.7,298.0,222.4,881.1
2026-01-01 10:15:19,SOS,370,24.4,37,0.54,56.4,48.6,1195.0,26.5,732,100.2,4.0,438.1,421.3,518.2
2026-01-01 10:15:23,SOS,251,32.4,71,0.26,64.4,17.6,430.8,5.0,466,146.7,4.38,278.8,405.9,128.4
2026-01-01 10:15:26,SOS,289,29.6,41,0.93,59.5,44.7,626.6,36.1,403,153.6,3.02,498.6,256.2,948.0
2026-01-01 10:15:29,SOS,234,29.9,50,0.93,25.0,41.7,611.8,10.9,416,115.2,2.06,79.3,57.1,759.7
2026-01-01 10:15:32,SOS,442,32.3,53,0.28,84.8,1.3,760.5,39.3,1236,42.6,3.49,340.2,271.4,192.8
2026-01-01 10:15:35,SOS,500,28.1,31,0.17,86.5,38.7,732.8,33.9,1196,115.0,0.76,343.1,481.2,168.9
2026-01-01 10:15:38,SOS,500,19.9,50,0.15,69.6,27.9,1950.0,5.9,1648,16.0,0.19,159.1,224.0,585.3
2026-01-01 10:15:41,SOS,442,26.4,65,0.67,78.2,27.7,1122.9,8.5,1050,122.3,1.63,295.8,294.2,243.0
2026-01-01 10:15:44,SOS,500,36.2,39,0.58,64.3,48.9,1664.0,40.2,1352,72.2,4.56,395.2,302.0,383.0
2026-01-01 10:15:47,SOS,356,30.3,43,0.9,93.9,19.7,841.9,9.6,669,87.3,4.99,404.5,271.8,918.7
2026-01-01 10:15:50,SOS,433,25.5,68,0.93,44.7,13.8,1706.4,13.4,1315,58.9,1.23,472.7,499.6,867.3
2026-01-01 10:15:53,SOS,500,23.8,74,0.18,68.7,25.6,1301.9,3.3,1637,158.5,2.72,212.2,323.5,670.0
2026-01-01 10:15:56,SOS,435,23.5,36,0.49,16.5,28.8,375.1,14.0,1390,111.9,1.64,287.7,161.8,635.2
2026-01-01 10:15:59,SOS,435,18.6,90,0.33,86.2,7.9,1335.1,24.6,1147,11.5,1.99,104.5,199.3,125.6
2026-01-01 10:16:02,SOS,420,27.1,76,0.42,30.0,9.6,665.7,26.4,1408,104.0,3.95,225.8,393.5,312.0
2026-01-01 10:16:05,SOS,467,22.2,62,0.26,32.4,15.8,1580.4,42.0,1536,158.6,4.97,449.1,487.5,493.9
2026-01-01 10:16:08,SOS,349,28.8,66,0.87,49.2,14.1,1165.1,30.5,952,33.3,1.46,204.1,381.8,174.9
2026-01-01 10:16:11,SOS,500,39.1,41,0.66,53.6,39.5,563.4,42.1,1403,111.7,3.13,461.4,182.0,923.4
2026-01-01 10:16:14,SOS,491,36.9,46,0.93,12.8,48.1,1994.9,33.4,1466,120.9,2.05,157.6,122.0,795.3
2026-01-01 10:16:17,SOS,500,35.2,40,0.9,53.3,17.6,449.4,42.9,1513,67.5,3.97,153.4,338.7,746.9
2026-01-01 10:16:20,SOS,437,18.2,42,0.46,77.5,35.4,1698.6,33.6,983,64.5,0.2,162.1,443.3,180.3
